case,states,depth_bound,relative_tolerance,failure_parameter_per_counter,coin_bits_per_branch,tv,tv_bound,failure_probability,failure_bound,replacement_tv,worst_local_tv,status
three_states_ideal,3,8,0/1,0/1,,0/1,0/1,0/1,0/1,0/1,0/1,
three_states_K5,3,8,0/1,0/1,5,1/96,1/4,0/1,0/1,1/96,1/96,
three_states_K8,3,8,0/1,0/1,8,1/384,1/32,0/1,0/1,1/384,1/384,
three_states_relative,3,8,1/64,0/1,8,193/24576,5/32,0/1,0/1,193/24576,1/128,
three_states_controlled_failure,3,8,1/64,1/1024,8,44844794941460501480723356576445574684965/4181389724724491839037947176121567782371328,11/64,4052066892840895352172670200632692356535/1393796574908163946345982392040522594123776,1/64,44844794941460501480723356576445574684965/4181389724724491839037947176121567782371328,2352005/268435456,
unique_binary_controlled_failure,1,4,1/64,1/1024,8,30110556023003256251883272521135/5192296858534827628530496329220096,11/128,30110556023003256251883272521135/5192296858534827628530496329220096,1/128,0/1,390019/268435456,
two_states_relative,2,6,1/64,0/1,8,1/128,15/128,0/1,0/1,1/128,1/128,
zero_total_unique,1,0,0/1,0/1,8,0/1,0/1,0/1,0/1,0/1,0/1,
empty_support,0,,,,,,,,,,,empty_detected
