case,output_kind,x11,x12,x21,x22,probability
three_states_ideal,table,0,2,2,0,1/3
three_states_ideal,table,1,1,1,1,1/3
three_states_ideal,table,2,0,0,2,1/3
three_states_K5,table,0,2,2,0,21/64
three_states_K5,table,1,1,1,1,21/64
three_states_K5,table,2,0,0,2,11/32
three_states_K8,table,0,2,2,0,85/256
three_states_K8,table,1,1,1,1,85/256
three_states_K8,table,2,0,0,2,43/128
three_states_relative,table,0,2,2,0,2795/8192
three_states_relative,table,1,1,1,1,2709/8192
three_states_relative,table,2,0,0,2,21/64
three_states_controlled_failure,table,0,2,2,0,1771357120537635884893670352815427/5192296858534827628530496329220096
three_states_controlled_failure,table,1,1,1,1,458450030459638075739186097006475153066569/1393796574908163946345982392040522594123776
three_states_controlled_failure,table,2,0,0,2,23564277775052685/72057594037927936
three_states_controlled_failure,failure,,,,,4052066892840895352172670200632692356535/1393796574908163946345982392040522594123776
unique_binary_controlled_failure,table,1,1,1,1,5162186302511824372278613056698961/5192296858534827628530496329220096
unique_binary_controlled_failure,failure,,,,,30110556023003256251883272521135/5192296858534827628530496329220096
two_states_relative,table,0,2,1,0,65/128
two_states_relative,table,1,1,0,1,63/128
zero_total_unique,table,0,0,0,0,1/1
