case,r1,r2,r3,c1,c2,c3,u11,u12,u13,u21,u22,u23,u31,u32,u33,feasible_count
1,0,1,0,0,0,1,2,0,2,1,0,0,1073741825,0,1,0
2,0,0,0,0,0,0,0,2,1,2,1073741825,1,0,2,2,1
3,0,0,0,0,0,0,0,0,0,0,0,0,1073741825,0,2,1
4,0,0,0,0,0,0,0,1073741825,1,1073741825,1073741825,1,1,1073741825,1,1
5,0,0,0,0,0,0,1073741825,2,2,1073741825,0,1073741825,2,2,1,1
6,2,0,1,0,3,0,2,1073741825,1073741825,0,1073741825,0,0,1,2,1
7,0,0,0,0,0,0,0,1,2,2,0,2,2,0,1,1
8,0,0,0,0,0,0,1,2,1073741825,1073741825,2,0,2,1,1073741825,1
9,0,0,0,0,0,0,2,1,0,0,1073741825,1,2,1073741825,1073741825,1
10,1,0,0,0,0,1,0,0,2,0,2,1073741825,1073741825,1,1,1
11,2,0,0,1,0,1,1,2,0,1073741825,0,0,1,1,2,0
12,1,2,0,1,0,2,2,1073741825,1073741825,2,1,2,1073741825,0,1,2
13,2,0,0,2,0,0,1,1,1073741825,0,1073741825,0,1,0,1073741825,0
14,0,2,0,0,1,1,1,1073741825,1,0,2,0,2,1,0,0
15,1,0,2,0,3,0,2,1,1073741825,1073741825,2,1073741825,1,0,1,0
16,0,0,0,0,0,0,1,2,1,2,0,0,1,2,1073741825,1
17,0,1,1,0,0,2,1073741825,1073741825,1,2,0,0,0,1073741825,1,0
18,2,0,0,0,0,2,2,1073741825,1,1073741825,1073741825,1,1073741825,0,1073741825,0
19,1,2,0,0,3,0,2,1073741825,1073741825,1,1073741825,1073741825,1073741825,1073741825,2,1
20,2,1,0,0,3,0,0,1,1073741825,1073741825,1073741825,1,0,1073741825,1073741825,0
21,1,0,1,0,0,2,0,1073741825,1,2,1,0,2,0,0,0
22,1,0,1,0,2,0,0,1073741825,1,1,1073741825,1073741825,0,1073741825,0,1
23,1,2,0,0,3,0,1,2,0,2,2,0,1073741825,2,0,1
24,0,0,3,1,0,2,2,2,0,0,1,2,1073741825,1,2,1
25,1,0,0,0,0,1,0,1073741825,0,2,1073741825,2,1,1073741825,0,0
26,0,0,3,0,0,3,1073741825,0,1,1073741825,1073741825,1,0,2,1073741825,1
27,0,1,0,1,0,0,0,0,1073741825,2,1073741825,0,0,1,0,1
28,1,2,0,2,0,1,2,0,1073741825,1,1,1073741825,0,1,2,1
29,0,0,1,0,0,1,2,0,2,1073741825,1,1,0,0,1073741825,1
30,1,1,1,0,2,1,0,1,2,0,0,1073741825,2,2,2,1
31,0,0,2,2,0,0,0,1073741825,1073741825,1,1,0,0,2,1,0
32,1,0,0,0,1,0,0,1073741825,0,1073741825,2,1073741825,0,1,1,1
33,0,0,0,0,0,0,1073741825,1073741825,1073741825,0,2,0,2,1,1,1
34,0,0,0,0,0,0,2,0,0,0,0,0,0,1,2,1
35,0,0,1,1,0,0,0,1,1,2,0,1,1073741825,1073741825,0,1
36,0,0,0,0,0,0,1,1,1,1073741825,0,2,2,1,0,1
37,1,0,1,0,1,1,0,2,1073741825,1073741825,1,2,2,1073741825,1073741825,2
38,0,1,1,0,2,0,2,2,1,2,1,2,0,1073741825,0,1
39,0,1,2,1,1,1,0,0,1073741825,1,1,0,1,1073741825,1073741825,2
40,0,0,1,1,0,0,1,0,1073741825,1073741825,2,1073741825,2,1,1,1
41,0,2,0,0,1,1,2,2,2,2,1073741825,0,1073741825,1,0,0
42,1,0,1,0,1,1,0,1073741825,1073741825,1073741825,0,1073741825,1,1,2,2
43,0,0,0,0,0,0,1,0,1,0,1073741825,0,1073741825,0,0,1
44,0,1,1,0,1,1,0,2,1,1073741825,1,1073741825,1073741825,0,1073741825,1
45,3,0,0,1,1,1,2,2,1,1073741825,1073741825,1073741825,0,1,0,1
46,1,1,1,2,1,0,1073741825,1073741825,0,1073741825,0,2,2,1073741825,0,2
47,0,1,0,0,0,1,0,1073741825,1073741825,1,1,1073741825,1,1073741825,1073741825,1
48,0,1,1,0,1,1,1,0,1,1,0,2,2,1073741825,2,1
49,0,0,0,0,0,0,1073741825,1,0,1,1073741825,2,1073741825,0,1,1
50,1,1,1,0,1,2,0,0,1073741825,1073741825,2,0,1,1073741825,1,1
51,0,0,0,0,0,0,1073741825,1073741825,1073741825,0,1073741825,1,2,1073741825,0,1
52,0,0,1,1,0,0,1,0,1073741825,1,2,1,2,1,0,1
53,0,0,0,0,0,0,1073741825,1073741825,1,1,1073741825,1073741825,0,1073741825,1,1
54,1,0,0,1,0,0,1073741825,0,0,1073741825,1,2,1,1,0,1
55,2,1,0,1,1,1,2,1073741825,1,1,0,1073741825,2,1073741825,2,2
56,0,0,1,1,0,0,1,2,0,1,1,1,1073741825,1073741825,0,1
57,0,0,0,0,0,0,1,0,2,2,2,2,1073741825,1073741825,0,1
58,0,0,0,0,0,0,0,1073741825,2,2,0,1073741825,2,0,1073741825,1
59,2,0,1,0,2,1,1,2,2,0,2,1073741825,2,2,2,2
60,0,0,0,0,0,0,1,1073741825,0,2,0,1073741825,2,0,0,1
61,2,0,1,2,0,1,0,1,1073741825,1073741825,0,1073741825,1073741825,1,2,0
62,0,3,0,0,3,0,2,2,2,1,1,0,0,1,1073741825,0
63,0,0,1,0,0,1,2,0,1,1073741825,2,1073741825,2,1073741825,0,0
64,0,0,0,0,0,0,2,0,0,1073741825,1,0,1,2,1073741825,1
65,0,1,1,0,0,2,1,0,1073741825,1073741825,1073741825,2,2,0,1073741825,1
66,2,0,0,2,0,0,0,1073741825,1,1,1,0,2,1,1073741825,0
67,0,0,0,0,0,0,2,1073741825,1,2,1,0,2,0,0,1
68,2,0,0,2,0,0,1,1,1073741825,1073741825,2,2,1,2,1,0
69,0,0,1,0,0,1,2,1073741825,2,0,1073741825,0,0,1,1,1
70,0,0,0,0,0,0,2,1073741825,0,0,1,0,0,2,1,1
71,2,0,1,2,1,0,0,1073741825,1073741825,2,0,0,0,1,2,0
72,2,0,0,1,0,1,1073741825,1,1,0,1,2,1073741825,0,1,1
73,0,0,0,0,0,0,0,2,1073741825,1073741825,0,0,1,1,1,1
74,1,0,1,0,2,0,1073741825,1073741825,1073741825,1073741825,0,1,0,1073741825,1073741825,1
75,0,1,0,0,1,0,0,0,1073741825,1,1,1073741825,2,0,0,1
76,1,0,2,0,1,2,1073741825,2,1,0,0,2,0,2,0,0
77,2,1,0,0,1,2,1073741825,1,2,2,1073741825,0,1,1073741825,1,1
78,0,0,0,0,0,0,2,0,1073741825,1073741825,2,1,1073741825,0,2,1
79,0,2,0,1,1,0,0,1,0,1073741825,1073741825,2,1,1073741825,0,1
80,0,0,0,0,0,0,2,2,0,1073741825,1,0,2,0,2,1
81,1,1,0,1,0,1,2,1,0,2,1073741825,0,2,1,1073741825,0
82,0,0,3,0,0,3,2,1,1073741825,2,1073741825,0,0,2,2,0
83,1,1,0,2,0,0,1,1073741825,2,1,2,1,1073741825,1,1,1
84,0,2,0,1,1,0,2,2,0,2,1,0,1,2,1073741825,1
85,1,0,1,0,0,2,2,2,0,1,2,1073741825,1,0,1073741825,0
86,0,0,1,0,0,1,1073741825,1,0,2,0,0,1073741825,0,0,0
87,0,0,0,0,0,0,1073741825,1073741825,0,1073741825,1073741825,1073741825,2,1073741825,1073741825,1
88,0,0,0,0,0,0,2,2,0,1,0,1073741825,1,2,2,1
89,1,0,1,2,0,0,2,0,1,1073741825,0,0,1073741825,0,1,1
90,0,0,0,0,0,0,1073741825,0,0,1,1,1073741825,0,2,1073741825,1
91,2,1,0,1,1,1,1073741825,1073741825,0,1,0,0,1073741825,0,2,0
92,2,1,0,0,3,0,1,2,1,1073741825,1,1073741825,2,1,0,1
93,1,0,0,0,0,1,1,1073741825,1,1073741825,1,1,1073741825,2,0,1
94,0,0,2,0,1,1,1073741825,0,1073741825,1073741825,2,1,1073741825,1073741825,1,1
95,1,0,2,0,1,2,2,0,1073741825,1,1073741825,1,1,2,1073741825,1
96,1,0,1,2,0,0,0,1,0,1,2,1073741825,0,2,0,0
97,0,1,0,1,0,0,1,2,1,0,1073741825,1073741825,2,1,2,0
98,0,2,0,0,2,0,1073741825,1073741825,1,2,0,0,0,1073741825,2,0
99,2,0,1,3,0,0,1,2,0,0,0,1,1073741825,1073741825,2,0
100,0,1,2,1,0,2,1073741825,1,1073741825,0,1073741825,0,1,0,2,0
